<?xml version="1.0" encoding="UTF-8"?>

<openerp>
  <data>
    <!--定时任务-->
    <record forcecreate="True" id="ir_cron_instance_update_payroll" model="ir.cron">
        <field name="name">自动更新版本状态</field>
        <field name="active" eval="True"/>
        <field name="user_id" ref="base.user_root"/>
        <field name="interval_number">3</field>
        <field name="interval_type">hours</field>
        <field name="numbercall">-1</field>
        <field name="doall" eval="True"/>
        <field name="model" eval="'hr.payroll.group'"/>
        <field name="function" eval="'update_version_status'"/>
    </record>
  </data>
</openerp>