{"model_code_id_dict": {"hr.payroll.group": {"NewHire": "group_NewHire", "Normal": "group_Normal"}, "hr.employee.category": {}, "hr.payroll.payitem": {"income_tax": "payitem_income_tax", "sick_leave_days": "payitem_sick_leave_days", "labor_income": "payitem_labor_income", "casual_leave_deduction": "payitem_casual_leave_deduction", "overtime_fee": "payitem_overtime_fee", "supplement_insurance": "payitem_supplement_insurance", "annual_bonus_tax_foreign": "payitem_annual_bonus_tax_foreign", "late_early_times": "payitem_late_early_times", "meal_allowance": "payitem_meal_allowance", "start_datetime": "payitem_start_datetime", "annual_bonus_deduction": "payitem_annual_bonus_deduction", "monthly_fee": "payitem_monthly_fee", "semi_conductor_online_conference_allowance": "payitem_semi_conductor_online_conference_allowance", "income_tax_rate": "payitem_income_tax_rate", "all_allowance": "payitem_all_allowance", "dimission_compensation": "payitem_dimission_compensation", "annual_bonus": "payitem_annual_bonus", "leave_early_times": "payitem_leave_early_count", "field_worker_allowance": "payitem_field_worker_allowance", "after_tax_adjustment": "payitem_after_tax_adjustment", "end_time": "payitem_end_time", "deduction_amount": "payitem_deduction_amount", "firm_leader_allowance": "payitem_firm_leader_allowance", "sick_leave_deduction_factor": "payitem_sick_leave_deduction_factor", "start_time": "payitem_start_time", "end_date": "payitem_end_date", "taxable_salary": "payitem_taxable_salary", "position": "payitem_position", "income_tax_foreign": "payitem_income_tax_foreign", "labour_fee": "payitem_labour_fee", "deducted_expense": "payitem_deducted_expense", "current_month_off": "payitem_current_month_off", "in_service_time": "payitem_in_service_time", "music_popularize_allowance": "payitem_music_popularize_allowance", "entry_date": "payitem_entry_date", "department": "payitem_department", "start_date": "payitem_start_date", "end_datetime": "payitem_end_datetime", "funeral_leave": "payitem_funeral_leave", "prenatal_exam_leave": "payitem_prenatal_exam_leave", "sick_leave_deduction": "payitem_sick_leave_deduction", "current_month_sick_leave_deduction": "payitem_current_month_sick_leave_deduction", "next_month_off": "payitem_next_month_off", "position_salary": "payitem_position_salary", "PA_allowance": "payitem_PA_allowance", "arrive_late_times": "payitem_arrive_late_count", "one_child_fee": "payitem_one_child_fee", "technique_allowance": "payitem_technique_allowance", "housing_allowance": "payitem_housing_allowance", "overtime_B": "payitem_overtime_B", "overtime_C": "payitem_overtime_C", "central_leader_allowance": "payitem_central_leader_allowance", "overtime_A": "payitem_overtime_A", "healing_days": "payitem_healing_days", "transport_allowance": "payitem_transport_allowance", "salary_adjusted": "payitem_salary_adjusted", "other_deductions": "payitem_other_deductions", "accumulated_sick_leave_deduction": "payitem_accumulated_sick_leave_deduction", "net_salary": "payitem_net_salary", "group_leader_allowance": "payitem_group_leader_allowance", "supplement_salary": "payitem_supplement_salary", "absence_days": "payitem_absence_days", "absence_deduction": "payitem_attendance_deduction", "attendance_deduction": "payitem_attendance_deduction", "base_salary": "payitem_base_salary", "martial_leave": "payitem_marital_leave", "gross_personal_insurance": "payitem_gross_personal_insurance", "labor_income_tax": "payitem_labor_income_tax", "performer_technique_allowance": "payitem_performer_technique_allowance", "gross_amount": "payitem_gross_amount", "normal_bonus": "payitem_normal_bonus", "annual_bonus_tax_rate": "payitem_annual_bonus_tax_rate", "DEP1": "payitem_department_code", "annual_bonus_tax": "payitem_annual_bonus_tax", "last_month_off": "payitem_last_month_off"}}, "model_name_id_dict": {"hr.payroll.group": {"\u6807\u51c6\u5de5\u8d44\u7ec4": "group_Normal", "\u5165\u79bb\u804c\u5de5\u8d44\u7ec4": "group_NewHire"}, "hr.employee.category": {"\u6b63\u5f0f\u5458\u5de5": "category_formal_employee"}, "hr.payroll.payitem": {"\u4e2a\u4eba\u6240\u5f97\u7a0e": "payitem_income_tax", "\u5e74\u7ec8\u5956\u7a0e(\u5916\u7c4d)": "payitem_annual_bonus_tax_foreign", "\u52a0\u73edB": "payitem_overtime_B", "\u7ec4\u957f\u8865\u8d34": "payitem_group_leader_allowance", "\u5de5\u8d44\u8865\u5dee": "payitem_supplement_salary", "\u6240\u6709\u6d25\u8d34": "payitem_all_allowance", "\u8003\u52e4\u6263\u9664": "payitem_attendance_deduction", "\u7f3a\u52e4(\u5929)": "payitem_absence_days", "\u4e0b\u6708\u8c03\u4f11(\u5929)": "payitem_next_month_off", "\u7d2f\u8ba1\u75c5\u5047\u6263\u9664(\u5929)": "payitem_accumulated_sick_leave_deduction", "\u75c5\u5047\u6263\u9664": "payitem_sick_leave_deduction", "\u5e74\u7ec8\u5956\u7a0e\u7387": "payitem_annual_bonus_tax_rate", "\u4e8b\u5047\u6263\u9664": "payitem_casual_leave_deduction", "\u533b\u7597\u671f": "payitem_healing_days", "\u7ed3\u675f\u65e5\u671f\u65f6\u95f4": "payitem_end_datetime", "\u8865\u4ea4\u4fdd\u9669": "payitem_supplement_insurance", "\u4e2a\u4eba\u6240\u5f97\u7a0e(\u5916\u7c4d)": "payitem_income_tax_foreign", "\u534a\u5bfc\u4f53/\u7f51\u7edc\u4f1a\u8bae\u7cfb\u7edf\u6280\u672f\u6d25\u8d34": "payitem_semi_conductor_online_conference_allowance", "\u6263\u9664\u9879": "payitem_deduction_amount", "\u6240\u5f97\u7a0e\u7387": "payitem_income_tax_rate", "\u7d2f\u8ba1\u5de5\u9f84": "payitem_in_service_time", "\u8fdf\u5230\u6b21\u6570": "payitem_arrive_late_count", "\u8ba1\u7a0e\u5de5\u8d44": "payitem_taxable_salary", "\u52a0\u73edC": "payitem_overtime_C", "\u72ec\u751f\u5b50\u5973\u8d39": "payitem_one_child_fee", "\u5de5\u4f1a\u4f1a\u8d39": "payitem_labour_fee", "\u672c\u6708\u75c5\u5047\u6263\u9664\u5929\u6570": "payitem_current_month_sick_leave_deduction", "\u5e74\u7ec8\u5956\u6263\u9664\u6570": "payitem_annual_bonus_deduction", "\u996d\u8d34": "payitem_meal_allowance", "\u5e74\u7ec8\u5956\u7a0e": "payitem_annual_bonus_tax", "\u5f00\u59cb\u65f6\u95f4": "payitem_start_time", "\u5de5\u8d44\u8c03\u6574": "payitem_salary_adjusted", "\u90e8\u95e8\u7f16\u7801": "payitem_department_code", "\u4e8b\u52a1\u6240\u957f\u8865\u8d34": "payitem_firm_leader_allowance", "\u5408\u8ba1": "payitem_gross_amount", "\u7ed3\u675f\u65f6\u95f4": "payitem_end_time", "\u5c97\u4f4d": "payitem_position", "PA\u4e13\u5458\u6d25\u8d34": "payitem_PA_allowance", "\u672c\u6708\u8c03\u4f11(\u5929)": "payitem_current_month_off", "\u5a5a\u5047": "payitem_marital_leave", "\u65e9\u9000\u6b21\u6570": "payitem_leave_early_count", "\u4e2d\u5fc3\u957f\u8865\u8d34": "payitem_central_leader_allowance", "\u6280\u80fd\u8865\u8d34": "payitem_technique_allowance", "\u51cf\u9664\u8d39\u7528": "payitem_deducted_expense", "\u4e0a\u6708\u8c03\u4f11(\u5929)": "payitem_last_month_off", "\u5b9e\u53d1\u5de5\u8d44": "payitem_net_salary", "\u52a0\u73ed\u8d39": "payitem_overtime_fee", "\u52b3\u52a1\u62a5\u916c": "payitem_labor_income", "\u5916\u52e4\u8865\u8d34": "payitem_field_worker_allowance", "\u4ea7\u524d\u68c0\u67e5(\u5929)": "payitem_prenatal_exam_leave", "\u4ea4\u901a\u8865\u8d34": "payitem_transport_allowance", "\u5f00\u59cb\u65e5\u671f": "payitem_start_date", "\u6f14\u594f\u5458\u6280\u80fd\u6d25\u8d34": "payitem_performer_technique_allowance", "\u804c\u4f4d\u5de5\u8d44": "payitem_position_salary", "\u79bb\u804c\u8865\u507f\u91d1": "payitem_dimission_compensation", "\u5176\u5b83\u6263\u6b3e": "payitem_other_deductions", "\u52a0\u73edA": "payitem_overtime_A", "\u623f\u5c4b\u8865\u8d34": "payitem_housing_allowance", "\u4e2a\u4eba\u56db\u91d1\u5408\u8ba1": "payitem_gross_personal_insurance", "\u52b3\u52a1\u7a0e": "payitem_labor_income_tax", "\u5956\u91d1": "payitem_normal_bonus", "\u57fa\u672c\u5de5\u8d44": "payitem_base_salary", "\u75c5\u5047\u5929\u6570": "payitem_sick_leave_days", "\u90e8\u95e8": "payitem_department", "\u7ed3\u675f\u65e5\u671f": "payitem_end_date", "\u4e27\u5047": "payitem_funeral_leave", "\u672c\u6708\u670d\u52a1\u8d39": "payitem_monthly_fee", "\u5e74\u7ec8\u5956": "payitem_annual_bonus", "\u8fdf\u5230\u65e9\u9000(\u5206\u949f)": "payitem_late_early_times", "\u75c5\u5047\u6263\u9664\u7cfb\u6570": "payitem_sick_leave_deduction_factor", "\u5f00\u59cb\u65e5\u671f\u65f6\u95f4": "payitem_start_datetime", "\u97f3\u4e50\u666e\u53ca\u6d25\u8d34": "payitem_music_popularize_allowance", "\u7a0e\u540e\u8c03\u6574": "payitem_after_tax_adjustment", "\u5165\u804c\u65e5\u671f": "payitem_entry_date"}}}