{"model_code_id_dict": {"hr.payroll.function": {"IIT_flow_before_tax_total": "IIT_flow_before_tax_total", "func_income_tax_domestic": "function_income_tax_domestic", "func_inverse_tax": "function_inverse_tax", "F_IsNew": "F_IsNew", "IIT_flow_tax_reverse": "IIT_flow_tax_reverse", "F_GetCalendarDays": "F_GetCalendarDays", "IIT_flow_before_tax_reverse": "IIT_flow_before_tax_reverse", "IIT_flow_tax_normal": "IIT_flow_tax_normal", "F_StockOptionIncomeIIT": "F_StockOptionIncomeIIT", "F_GetDaysof": "F_GetDaysof", "func_income_tax_round": "function_income_tax_round", "F_SumOT": "F_SumOT", "F_SeverancePayIIT": "F_SeverancePayIIT", "IIT_flow_before_tax_normal": "IIT_flow_before_tax_normal", "F_IncidentalIncomeIIT": "F_IncidentalIncomeIIT", "F_BackwardAnnualBonusIIT": "F_BackwardAnnualBonusIIT", "F_YOS": "F_YOS", "func_annual_bonus_tax_foreign": "function_annual_bonus_tax_foreign", "F_SumLeave": "F_SumLeave", "func_income_tax_foreign": "function_income_tax_foreign", "F_IsTerminated": "F_IsTerminated", "F_ BackwardServiceChargeIIT": "F_ BackwardServiceChargeIIT", "IIT_flow_tax_total": "IIT_flow_tax_total", "func_sick_leave_deduction": "function_sick_leave_deduction", "F_SumAttendance": "F_SumAttendance", "F_ServiceChargeIIT": "F_ServiceChargeIIT", "F_GetNewHireDays": "F_GetNewHireDays", "func_annual_bonus_tax_domestic": "function_annual_bonus_tax_domestic"}, "hr.payroll.meta.data": {"HFER002": "meta_HFER002", "HFER001": "meta_HFER001", "YTD_IBT": "meta_YTD_IBT", "TotalTaxEE": "meta_TotalTaxEE", "SCIncomebeforeTaxER": "meta_SCIncomebeforeTaxER", "SPTaxEE": "meta_SPTaxEE", "TotalTaxER": "meta_TotalTaxER", "salary_adjust_after_tax": "meta_salary_adjust_after_tax", "SCIncomebeforeTaxEE": "meta_SCIncomebeforeTaxEE", "before_tax_normal": "meta_before_tax_normal", "SalaryIncomebeforeTaxEE": "meta_SalaryIncomebeforeTaxEE", "BS001": "meta_BS001", "HFEBackpayR002": "meta_HFEBackpayR002", "salary_adjust_before_tax": "meta_salary_adjust_before_tax", "SBERBackpay010": "meta_SBERBackpay010", "SBERBackpay011": "meta_SBERBackpay011", "AA003": "meta_AA003", "AA002": "meta_AA002", "AA001": "meta_AA001", "SBEEBackPay001": "meta_SBEEBackPay001", "SBEEBackPay002": "meta_SBEEBackPay002", "AA004": "meta_AA004", "AnnualBonusbeforeTaxER": "meta_AnnualBonusbeforeTaxER", "ActualSPbeforeTax": "meta_ActualSPbeforeTax", "HFERBackpay001": "meta_HFERBackpay001", "ATT008": "meta_ATT008", "ATT005": "meta_ATT005", "ATT004": "meta_ATT004", "ATT007": "meta_ATT007", "ATT006": "meta_ATT006", "ATT001": "meta_ATT001", "ATT003": "meta_ATT003", "ATT002": "meta_ATT002", "M002": "meta_M002", "M001": "meta_M001", "NETPAY": "meta_NETPAY", "SBERBackpay003": "meta_SBERBackpay003", "SBERBackpay002": "meta_SBERBackpay002", "SBERBackpay001": "meta_SBERBackpay001", "SBERBackpay007": "meta_SBERBackpay007", "SBERBackpay006": "meta_SBERBackpay006", "SBERBackpay005": "meta_SBERBackpay005", "SBERBackpay004": "meta_SBERBackpay004", "SBERBackpay009": "meta_SBERBackpay009", "SBERBackpay008": "meta_SBERBackpay008", "before_tax_total": "meta_before_tax_total", "SPIncomebeforeTaxEE": "meta_SPIncomebeforeTaxEE", "SPIncomebeforeTaxER": "meta_SPIncomebeforeTaxER", "tax_normal": "meta_tax_normal", "AFS003": "meta_AFS003", "AFS001": "meta_AFS001", "IncTaxER": "meta_IncTaxER", "ActualSCbeforeTax": "meta_ActualSCbeforeTax", "reverse_taxable": "meta_reverse_taxable", "LV001": "meta_LV001", "after_tax_normal": "meta_after_tax_normal", "person_pay_tax_differ": "meta_person_pay_tax_differ", "SBER009": "meta_SBER009", "SBER008": "meta_SBER008", "SBER005": "meta_SBER005", "SBER004": "meta_SBER004", "SBER007": "meta_SBER007", "SBER006": "meta_SBER006", "SBER001": "meta_SBER001", "SBER003": "meta_SBER003", "SBER002": "meta_SBER002", "YTD": "meta_YTD", "ActualIIncomebeforeTax": "meta_ActualIIncomebeforeTax", "StockMonth": "meta_StockMonth", "tax_reverse": "meta_tax_reverse", "HFEEBackPay001": "meta_HFEEBackPay001", "HFEEBackPay002": "meta_HFEEBackPay002", "SBER010": "meta_SBER010", "SBER011": "meta_SBER011", "ActualSalaryIncomebeforeTax": "meta_ActualSalaryIncomebeforeTax", "LVD001": "meta_LVD001", "LVD002": "meta_LVD002", "LVD003": "meta_LVD003", "LVD004": "meta_LVD004", "SPaxER": "meta_SPaxER", "StockIncomebeforeTaxER": "meta_StockIncomebeforeTaxER", "SalaryTaxER": "meta_SalaryTaxER", "company_pay_tax_differ": "meta_company_pay_tax_differ", "SalaryTaxEE": "meta_SalaryTaxEE", "StockIncomebeforeTaxEE": "meta_StockIncomebeforeTaxEE", "A010": "meta_A010", "StockIncomeTaxER": "meta_StockIncomeTaxER", "StockIncomeTaxEE": "meta_StockIncomeTaxEE", "after_tax_reverse": "meta_after_tax_reverse", "LV002": "meta_LV002", "F004": "meta_F004", "TotalActualSalary": "meta_TotalActualSalary", "F002": "meta_F002", "F003": "meta_F003", "F001": "meta_F001", "OTA001": "meta_OTA001", "OTA002": "meta_OTA002", "OTA003": "meta_OTA003", "OTA004": "meta_OTA004", "after_tax_total": "meta_after_tax_total", "SBEEBackPay004": "meta_SBEEBackPay004", "SBEEBackPay005": "meta_SBEEBackPay005", "ActualAnnualBonusebeforeTax": "meta_ActualAnnualBonusebeforeTax", "FS002": "meta_FS002", "SBEEBackPay006": "meta_SBEEBackPay006", "FS001": "meta_FS001", "tax_total": "meta_tax_total", "SalaryIncomebeforeTaxER": "meta_SalaryIncomebeforeTaxER", "GrossSalary": "meta_GrossSalary", "SBEEBackPay003": "meta_SBEEBackPay003", "SCTaxEE": "meta_SCTaxEE", "SBEE004": "meta_SBEE004", "SBEE005": "meta_SBEE005", "SBEE006": "meta_SBEE006", "SBEE001": "meta_SBEE001", "SBEE002": "meta_SBEE002", "SBEE003": "meta_SBEE003", "ActualStockIncomebeforeTax": "meta_ActualStockIncomebeforeTax", "SCTaxER": "meta_SCTaxER", "A009": "meta_A009", "A008": "meta_A008", "A007": "meta_A007", "A006": "meta_A006", "A005": "meta_A005", "A004": "meta_A004", "A003": "meta_A003", "A002": "meta_A002", "A001": "meta_A001", "IncTaxEE": "meta_IncTaxEE", "IIncomebeforeTaxEE": "meta_IIncomebeforeTaxEE", "before_tax_reverse": "meta_before_tax_reverse", "ABS001": "meta_ABS001", "AnnualBonusTaxEE": "meta_AnnualBonusTaxEE", "IIncomebeforeTaxER": "meta_IIncomebeforeTaxER", "AnnualBonusTaxER": "meta_AnnualBonusTaxER", "AnnualBonusbeforeTaxEE": "meta_AnnualBonusbeforeTaxEE", "HFEE002": "meta_HFEE002", "HFEE001": "meta_HFEE001"}, "hr.payroll.payitem.category": {}, "hr.payroll.tax": {"payroll_tax": "hr_payroll_tax_salary"}, "hr.payroll.payitem": {"after_tax_total": "payitem_after_tax_total", "tax_total": "payitem_tax_total", "AA001": "payitem_AA001", "tax_reverse": "payitem_tax_reverse", "before_tax_total": "payitem_before_tax_total", "before_tax_reverse": "payitem_before_tax_reverse", "after_tax_reverse": "payitem_after_tax_reverse", "salary_adjust_before_tax": "payitem_salary_adjust_before_tax", "person_pay_tax_differ": "payitem_person_pay_tax_differ", "company_pay_tax_differ": "payitem_company_pay_tax_differ", "salary_adjust_after_tax": "payitem_salary_adjust_after_tax", "C001": "payitem_C001", "before_tax_normal": "payitem_before_tax_normal", "tax_normal": "payitem_tax_normal", "after_tax_normal": "payitem_after_tax_normal"}, "ir.cron": {}}, "model_name_id_dict": {"hr.payroll.function": {"\u7d2f\u8ba1\u6b63\u7b97\u7a0e\u91d1\u516c\u5f0f": "IIT_flow_tax_normal", "\u5e74\u7ec8\u5956\u5012\u63a8\u5e94\u7a0e\u516c\u5f0f": "F_BackwardAnnualBonusIIT", "\u6307\u5b9a\u671f\u6bb5\u65e5\u5386\u65e5\u5386\u5929\u6570\u516c\u5f0f": "F_GetDaysof", "\u5165\u804c\u6298\u7b97\u5929\u6570\u516c\u5f0f": "F_GetNewHireDays", "\u4e2a\u7a0e\u5012\u7b97\u7a0e\u516c\u5f0f": "function_inverse_tax", "\u83b7\u53d6\u8003\u52e4\u5f02\u5e38\u6570\u636e": "F_SumAttendance", "\u83b7\u53d6\u52a0\u73ed\u65f6\u95f4": "F_SumOT", "\u80a1\u7968\u671f\u6743\u4e2a\u7a0e\u516c\u5f0f": "F_StockOptionIncomeIIT", "\u5076\u7136\u6240\u5f97\u4e2a\u7a0e\u516c\u5f0f": "F_IncidentalIncomeIIT", "\u79bb\u804c\u8865\u507f\u670d\u52a1\u5e74\u9650\u516c\u5f0f": "F_YOS", "\u4e2a\u4eba\u6240\u5f97\u7a0e\u516c\u5f0f": "function_income_tax_domestic", "\u7d2f\u8ba1\u6b63\u7b97\u7a0e\u524d\u516c\u5f0f": "IIT_flow_before_tax_normal", "\u5916\u7c4d\u5458\u5de5\u5e74\u7ec8\u5956\u7a0e\u516c\u5f0f": "function_annual_bonus_tax_foreign", "\u4e2a\u7a0e\u4e00\u5143\u7a0e\u516c\u5f0f": "function_income_tax_round", "\u79bb\u804c\u8865\u507f\u91d1\u4e2a\u7a0e\u516c\u5f0f": "F_SeverancePayIIT", "\u52b3\u52a1\u62a5\u916c\u5012\u63a8\u5e94\u7a0e": "F_ BackwardServiceChargeIIT", "\u7d2f\u8ba1\u603b\u7a0e\u91d1\u516c\u5f0f": "IIT_flow_tax_total", "\u662f\u5426\u672c\u6708\u79bb\u804c\u516c\u5f0f": "F_IsTerminated", "\u52b3\u52a1\u62a5\u916c\u4e2a\u7a0e\u516c\u5f0f": "F_ServiceChargeIIT", "\u5916\u7c4d\u4e2a\u4eba\u6240\u5f97\u7a0e\u516c\u5f0f": "function_income_tax_foreign", "\u7d2f\u8ba1\u5012\u7b97\u7a0e\u524d\u516c\u5f0f": "IIT_flow_before_tax_reverse", "\u83b7\u53d6\u65e5\u5386\u5929\u6570\u516c\u5f0f": "F_GetCalendarDays", "\u75c5\u5047\u6263\u9664\u516c\u5f0f": "function_sick_leave_deduction", "\u83b7\u53d6\u4f11\u5047\u65f6\u95f4": "F_SumLeave", "\u7d2f\u8ba1\u7a0e\u524d\u516c\u5f0f": "IIT_flow_before_tax_total", "\u662f\u5426\u672c\u6708\u5165\u804c\u516c\u5f0f": "F_IsNew", "\u7d2f\u8ba1\u5012\u7b97\u7a0e\u91d1\u516c\u5f0f": "IIT_flow_tax_reverse", "\u5e74\u7ec8\u5956\u7a0e\u516c\u5f0f": "function_annual_bonus_tax_domestic"}, "hr.payroll.meta.data": {"\u9910\u8d34": "meta_A002", "\u516c\u53f8\u627f\u62c5\u7684\u4e2a\u7a0e\u5408\u8ba1": "meta_TotalTaxER", "\u65f7\u5de5\u5929\u6570": "meta_ATT006", "\u516c\u53f8\u5e74\u5047\u6298\u73b0": "meta_F004", "\u5e73\u65f6\u52a0\u73ed\u5c0f\u65f6\u6570": "meta_ATT001", "\u4ea7\u5047\u5de5\u8d44": "meta_LV001", "\u5de5\u4f1a\u8d39\u6c47\u7f34\u989d": "meta_SBER009", "\u4e2a\u4eba\u627f\u62c5\u80a1\u6743\u7a0e": "meta_StockIncomeTaxEE", "\u516c\u53f8\u627f\u62c5\u5e94\u7a0e": "meta_SalaryIncomebeforeTaxER", "\u5546\u4e1a\u4fdd\u9669": "meta_M001", "\u5458\u5de5\u627f\u62c5\u5e74\u7ec8\u5956\u7a0e": "meta_AnnualBonusTaxEE", "\u751f\u80b2\u4fdd\u9669\u6c47\u7f34\u989d": "meta_SBER006", "\u80a1\u6743\u5b9e\u9645\u5e94\u7a0e": "meta_ActualStockIncomebeforeTax", "\u4f01\u4e1a\u5931\u4e1a\u6c47\u7f34\u989d": "meta_SBER003", "\u4f01\u4e1a\u8865\u5145\u533b\u7597\u8865\u7f34\u989d": "meta_SBERBackpay011", "\u4e2a\u4eba\u5927\u75c5\u533b\u7597\u6c47\u7f34\u989d": "meta_SBEE004", "\u4f01\u4e1a\u8865\u5145\u516c\u79ef\u91d1\u6c47\u7f34\u989d": "meta_HFER002", "\u5de5\u4f1a\u8d39\u8865\u7f34\u989d": "meta_SBERBackpay009", "\u5176\u4ed6\u7c7b\u578b\u7684\u52a0\u73ed\u5c0f\u65f6": "meta_ATT004", "\u4e2a\u4eba\u533b\u7597\u6c47\u7f34\u989d": "meta_SBEE002", "\u5de5\u4f24\u4fdd\u9669\u6c47\u7f34\u989d": "meta_SBER005", "\u5b9e\u9645\u9910\u8d34": "meta_AA002", "\u5e94\u7a0e\u5de5\u8d44": "meta_SalaryIncomebeforeTaxEE", "\u4f01\u4e1a\u533b\u7597\u6c47\u7f34\u989d": "meta_SBER002", "\u5458\u5de5\u627f\u62c5\u7684\u4e2a\u7a0e\u5408\u8ba1": "meta_TotalTaxEE", "\u5176\u4ed6\u5047\u671f\u6263\u6b3e": "meta_LVD004", "\u4f01\u4e1a\u627f\u62c5\u7a0e\u5dee": "meta_company_pay_tax_differ", "\u5076\u7136\u6240\u5f97\u5b9e\u9645\u5e94\u7a0e": "meta_ActualIIncomebeforeTax", "\u72ec\u751f\u5b50\u5973\u6d25\u8d34": "meta_A005", "\u516c\u53f8\u627f\u62c5\u80a1\u6743\u5e94\u7a0e": "meta_StockIncomebeforeTaxER", "\u5468\u672b\u52a0\u73ed\u5c0f\u65f6\u6570": "meta_ATT002", "\u516c\u53f8\u627f\u62c5\u4e2a\u4eba\u6240\u5f97\u7a0e": "meta_SalaryTaxER", "\u4f01\u4e1a\u516c\u79ef\u91d1\u6c47\u7f34\u989d": "meta_HFER001", "\u6b8b\u4fdd\u91d1\u6c47\u7f34\u989d": "meta_SBER007", "\u4f01\u4e1a\u8865\u5145\u533b\u7597\u6c47\u7f34\u989d": "meta_SBER011", "\u4f01\u4e1a\u8865\u5145\u517b\u8001\u8865\u7f34\u989d": "meta_SBERBackpay010", "\u6b63\u7b97\u7a0e\u91d1": "meta_tax_normal", "\u5012\u7b97\u7a0e\u91d1": "meta_tax_reverse", "\u91c7\u6696\u8d39\u8865\u7f34\u989d": "meta_SBERBackpay008", "\u4f01\u4e1a\u5927\u75c5\u533b\u7597\u6c47\u7f34\u989d": "meta_SBER004", "\u4ea4\u901a\u6d25\u8d34": "meta_A003", "\u603b\u7a0e\u540e": "meta_after_tax_total", "\u957f\u75c5\u5047\u5de5\u8d44": "meta_LV002", "\u516c\u53f8\u5e74\u5047\u4f59\u989d": "meta_F002", "\u4e2a\u4eba\u516c\u79ef\u91d1\u8865\u7f34\u989d": "meta_HFEEBackPay001", "\u4f01\u4e1a\u516c\u79ef\u91d1\u8865\u7f34\u989d": "meta_HFERBackpay001", "\u65e0\u85aa\u5047\u6263\u6b3e": "meta_LVD003", "\u4e2a\u4eba\u517b\u8001\u6c47\u7f34\u989d": "meta_SBEE001", "\u4f01\u4e1a\u5931\u4e1a\u8865\u7f34\u989d": "meta_SBERBackpay003", "\u91c7\u6696\u8d39\u6c47\u7f34\u989d": "meta_SBER008", "\u623f\u8d34": "meta_A001", "\u5b9e\u53d1\u5de5\u8d44": "meta_NETPAY", "\u5458\u5de5\u627f\u62c5\u4e2a\u4eba\u6240\u5f97\u7a0e": "meta_SalaryTaxEE", "\u4e2a\u4eba\u8865\u5145\u516c\u79ef\u91d1\u8865\u7f34\u989d": "meta_HFEEBackPay002", "\u4f01\u4e1a\u627f\u62c5\u52b3\u52a1\u6240\u5f97\u7a0e": "meta_SCTaxER", "\u5b9e\u9645\u623f\u8d34": "meta_AA001", "\u4e2a\u4eba\u8865\u5145\u533b\u7597\u6c47\u7f34\u989d": "meta_SBEE006", "\u7d2f\u79ef\u5e94\u7a0e": "meta_TotalActualSalary", "\u516c\u53f8\u627f\u62c5\u52b3\u52a1\u62a5\u916c\u5e94\u7a0e": "meta_SCIncomebeforeTaxER", "\u5e73\u65f6\u52a0\u73ed\u6d25\u8d34": "meta_OTA001", "\u5e94\u53d1\u5de5\u8d44": "meta_GrossSalary", "\u5b9e\u9645\u5e94\u7a0e": "meta_ActualSalaryIncomebeforeTax", "\u7a0e\u524d\u85aa\u8d44\u8c03\u6574": "meta_salary_adjust_before_tax", "\u4e2a\u4eba\u5931\u4e1a\u8865\u7f34\u989d": "meta_SBEEBackPay003", "\u516c\u53f8\u627f\u62c5\u79bb\u804c\u8865\u507f\u91d1\u5e94\u7a0e": "meta_SPIncomebeforeTaxER", "\u7a0e\u540e\u85aa\u8d44\u8c03\u6574": "meta_salary_adjust_after_tax", "\u603b\u7a0e\u524d": "meta_before_tax_total", "\u5176\u4ed6\u8865\u8d341": "meta_A009", "\u4f01\u4e1a\u517b\u8001\u8865\u7f34\u989d": "meta_SBERBackpay001", "\u8f6e\u73ed\u6d25\u8d34": "meta_A007", "\u5b9e\u9645\u8f66\u8d34": "meta_AA004", "\u5012\u7b97\u7a0e\u524d": "meta_before_tax_reverse", "\u5458\u5de5\u627f\u62c5\u52b3\u52a1\u6240\u5f97\u7a0e": "meta_SCTaxEE", "\u65f7\u5de5\u6263\u6b3e": "meta_LVD002", "\u6b63\u7b97\u7a0e\u524d": "meta_before_tax_normal", "\u56fa\u5b9a\u98792": "meta_FS002", "\u56fa\u5b9a\u98791": "meta_FS001", "\u5176\u4ed6\u5047\u5929\u6570": "meta_ATT008", "\u751f\u80b2\u4fdd\u9669\u8865\u7f34\u989d": "meta_SBERBackpay006", "\u5076\u7136\u6240\u5f97": "meta_IIncomebeforeTaxEE", "\u516c\u53f8\u627f\u62c5\u7684\u79bb\u804c\u8865\u507f\u91d1\u6240\u5f97\u7a0e": "meta_SPaxER", "\u5176\u4ed6\u8865\u8d342": "meta_A010", "\u4e2a\u4eba\u8865\u5145\u517b\u8001\u6c47\u7f34\u989d": "meta_SBEE005", "\u4f01\u4e1a\u533b\u7597\u8865\u7f34\u989d": "meta_SBERBackpay002", "\u8282\u5047\u65e5\u52a0\u73ed\u5c0f\u65f6\u6570": "meta_ATT003", "\u5047\u65e5\u52a0\u73ed\u6d25\u8d34": "meta_OTA003", "\u672c\u5e74\u4e2a\u7a0e\u7d2f\u8ba1": "meta_YTD", "\u5012\u7b97\u7a0e\u540e": "meta_after_tax_reverse", "\u65e0\u85aa\u5047\u5929\u6570": "meta_ATT007", "\u6b63\u7b97\u7a0e\u540e": "meta_after_tax_normal", "\u4e2a\u4eba\u517b\u8001\u8865\u7f34\u989d": "meta_SBEEBackPay001", "\u591c\u73ed\u6d25\u8d34": "meta_A006", "\u77ed\u75c5\u5047\u6263\u6b3e": "meta_LVD001", "\u672c\u5e74\u5e94\u7a0e\u7d2f\u8ba1": "meta_YTD_IBT", "\u4e2a\u4eba\u533b\u7597\u8865\u7f34\u989d": "meta_SBEEBackPay002", "\u516c\u53f8\u627f\u62c5\u80a1\u6743\u7a0e": "meta_StockIncomeTaxER", "\u9ad8\u6e29\u8865\u8d34": "meta_A008", "\u4e2a\u4eba\u627f\u62c5\u7a0e\u5dee": "meta_person_pay_tax_differ", "\u5de5\u4f24\u4fdd\u9669\u8865\u7f34\u989d": "meta_SBERBackpay005", "\u603b\u7a0e\u91d1": "meta_tax_total", "\u5e74\u7ec8\u5956": "meta_AnnualBonusbeforeTaxEE", "\u4e2a\u4eba\u8865\u5145\u517b\u8001\u8865\u7f34\u989d": "meta_SBEEBackPay005", "\u8f66\u8d34": "meta_A004", "\u516c\u53f8\u627f\u62c5\u5e74\u7ec8\u5956\u5e94\u7a0e": "meta_AnnualBonusbeforeTaxER", "\u4e2a\u4eba\u5931\u4e1a\u6c47\u7f34\u989d": "meta_SBEE003", "\u5458\u5de5\u627f\u62c5\u5076\u7136\u6240\u5f97\u7a0e": "meta_IncTaxEE", "\u6cd5\u5b9a\u5e74\u5047\u4f59\u989d": "meta_F001", "\u5b9e\u9645\u4ea4\u901a\u6d25\u8d34": "meta_AA003", "\u4f01\u4e1a\u517b\u8001\u6c47\u7f34\u989d": "meta_SBER001", "\u4f01\u4e1a\u5927\u75c5\u533b\u7597\u8865\u7f34\u989d": "meta_SBERBackpay004", "\u4e2a\u4eba\u8865\u5145\u516c\u79ef\u91d1\u6c47\u7f34\u989d": "meta_HFEE002", "\u4e2a\u4eba\u8865\u5145\u533b\u7597\u8865\u7f34\u989d": "meta_SBEEBackPay006", "\u80a1\u6743\u6fc0\u52b1\u6240\u5f97": "meta_StockIncomebeforeTaxEE", "\u52b3\u52a1\u62a5\u916c\u5b9e\u9645\u5e94\u7a0e": "meta_ActualSCbeforeTax", "\u6cd5\u5b9a\u5e74\u5047\u6298\u73b0": "meta_F003", "\u8ba1\u7a0e\u4e0d\u53d1\u85aa": "meta_M002", "\u516c\u53f8\u627f\u62c5\u5e74\u7ec8\u5956\u7a0e": "meta_AnnualBonusTaxER", "\u5b9e\u9645\u57fa\u672c\u5de5\u8d44": "meta_ABS001", "\u516c\u53f8\u627f\u62c5\u5076\u7136\u6240\u5f97\u7a0e": "meta_IncTaxER", "\u77ed\u75c5\u5047\u5929\u6570": "meta_ATT005", "\u4f01\u4e1a\u8865\u5145\u517b\u8001\u6c47\u7f34\u989d": "meta_SBER010", "\u79bb\u804c\u8865\u507f\u91d1": "meta_SPIncomebeforeTaxEE", "\u5176\u4ed6\u52a0\u73ed\u6d25\u8d34": "meta_OTA004", "\u4e2a\u4eba\u516c\u79ef\u91d1\u6c47\u7f34\u989d": "meta_HFEE001", "\u79bb\u804c\u8865\u507f\u91d1\u5b9e\u9645\u5e94\u7a0e": "meta_ActualSPbeforeTax", "\u5012\u63a8\u5e94\u7a0e\u5de5\u8d44": "meta_reverse_taxable", "\u52b3\u52a1\u62a5\u916c": "meta_SCIncomebeforeTaxEE", "\u6b8b\u4fdd\u91d1\u8865\u7f34\u989d": "meta_SBERBackpay007", "\u5b9e\u9645\u56fa\u5b9a\u98792": "meta_AFS003", "\u57fa\u672c\u5de5\u8d44": "meta_BS001", "\u89c4\u5b9a\u6708\u6570": "meta_StockMonth", "\u5b9e\u9645\u56fa\u5b9a\u98791": "meta_AFS001", "\u4e2a\u4eba\u5927\u75c5\u533b\u7597\u8865\u7f34\u989d": "meta_SBEEBackPay004", "\u4e2a\u4eba\u627f\u62c5\u7684\u79bb\u804c\u8865\u507f\u91d1\u6240\u5f97\u7a0e": "meta_SPTaxEE", "\u5468\u672b\u52a0\u73ed\u6d25\u8d34": "meta_OTA002", "\u5e74\u7ec8\u5956\u5b9e\u9645\u5e94\u7a0e": "meta_ActualAnnualBonusebeforeTax", "\u4f01\u4e1a\u8865\u5145\u516c\u79ef\u91d1\u8865\u7f34\u989d": "meta_HFEBackpayR002", "\u516c\u53f8\u627f\u62c5\u5076\u7136\u6240\u5f97\u5e94\u7a0e": "meta_IIncomebeforeTaxER"}, "hr.payroll.payitem.category": {"\u8ba1\u7a0e\u4e0d\u53d1\u85aa": "payitem_category_9", "\u4e2a\u4eba\u793e\u4fdd\u798f\u5229": "payitem_category_5", "\u5e94\u53d1\u5de5\u8d44": "payitem_category_6", "\u4f01\u4e1a\u627f\u62c5\u4e2a\u7a0e": "payitem_category_8", "\u5b9e\u53d1\u5de5\u8d44": "payitem_category_10", "\u4e2a\u4eba\u6240\u5f97\u7a0e": "payitem_category_7", "\u4f01\u4e1a\u793e\u4fdd\u798f\u5229": "payitem_category_4", "\u6263\u6b3e": "payitem_category_3", "\u5176\u4ed6": "payitem_category_2", "\u7d2f\u8ba1\u6536\u5165": "payitem_category_11", "\u6536\u5165": "payitem_category_1"}, "hr.payroll.tax": {"\u5de5\u8d44\u7a0e": "hr_payroll_tax_salary"}, "hr.payroll.payitem": {"\u4e2a\u4eba\u627f\u62c5\u7a0e\u5dee": "payitem_person_pay_tax_differ", "\u4f01\u4e1a\u627f\u62c5\u7a0e\u5dee": "payitem_company_pay_tax_differ", "\u6b63\u7b97\u7a0e\u91d1": "payitem_tax_normal", "\u7a0e\u524d\u85aa\u8d44\u8c03\u6574": "payitem_salary_adjust_before_tax", "\u623f\u8d34": "payitem_C001", "\u5012\u7b97\u7a0e\u540e": "payitem_after_tax_reverse", "\u603b\u7a0e\u91d1": "payitem_tax_total", "\u603b\u7a0e\u540e": "payitem_after_tax_total", "\u7a0e\u540e\u85aa\u8d44\u8c03\u6574": "payitem_salary_adjust_after_tax", "\u5012\u7b97\u7a0e\u91d1": "payitem_tax_reverse", "\u53cd\u7b97\u7a0e\u524d": "payitem_before_tax_reverse", "\u6b63\u7b97\u7a0e\u524d": "payitem_before_tax_normal", "\u6b63\u7b97\u7a0e\u540e": "payitem_after_tax_normal", "\u603b\u7a0e\u524d": "payitem_before_tax_total", "\u57fa\u672c\u5de5\u8d44": "payitem_AA001"}, "ir.cron": {"\u81ea\u52a8\u66f4\u65b0\u7248\u672c\u72b6\u6001": "ir_cron_instance_update_payroll"}}}