<?xml version='1.0' encoding='utf-8'?>
<openerp>
  <data noupdate="1">
  <!--rule: base_salary-->
    <record id="parameter_base_salary" model="hr.payroll.parameter">
        <field name="payitem_id" ref="payroll_calculate.payitem_base_salary" />
        <field name="name">基本工资</field>
        <field name="code">base_salary</field>
        <field name="value_type">float</field>
        <!--<field name="rule_id" ref="payroll_calculate.rule_base_salary" />-->
    </record>

   <!--rule: sick_leave_deduction-->
    <record id="parameter_sick_leave_deduction" model="hr.payroll.parameter">
        <field name="function_id" ref="payroll_calculate.function_sick_leave_deduction" />
        <field name="name">病假扣除</field>
        <field name="code">func_attendance_deduction</field>
        <field name="value_type">char</field>
        <!--<field name="rule_id" ref="payroll_calculate.rule_sick_leave_deduction" />-->
      </record>

      <record id="parameter_sick_leave_deduction_base_salary" model="hr.payroll.parameter">
        <field name="payitem_id" ref="payroll_calculate.payitem_base_salary" />
        <field name="name">基本工资</field>
        <field name="code">base_salary</field>
        <field name="value_type">float</field>
        <!--<field name="rule_id" ref="payroll_calculate.rule_sick_leave_deduction" />-->
      </record>

    <record id="parameter_sick_leave_deduction_healing_days" model="hr.payroll.parameter">
        <field name="payitem_id" ref="payroll_calculate.payitem_healing_days" />
        <field name="name">医疗期</field>
        <field name="code">healing_days</field>
        <field name="value_type">float</field>
        <!--<field name="rule_id" ref="payroll_calculate.rule_sick_leave_deduction" />-->
      </record>

    <record id="parameter_sick_leave_deduction_in_service_time" model="hr.payroll.parameter">
        <field name="payitem_id" ref="payroll_calculate.payitem_in_service_time" />
        <field name="name">累计工龄</field>
        <field name="code">in_service_time</field>
        <field name="value_type">float</field>
        <!--<field name="rule_id" ref="payroll_calculate.rule_sick_leave_deduction" />-->
      </record>

    <record id="parameter_sick_leave_deduction_sick_leave_days" model="hr.payroll.parameter">
        <field name="payitem_id" ref="payroll_calculate.payitem_sick_leave_days" />
        <field name="name">病假天数</field>
        <field name="code">sick_leave_days</field>
        <field name="value_type">float</field>
        <!--<field name="rule_id" ref="payroll_calculate.rule_sick_leave_deduction" />-->
    </record>

    <!--rule: gross_amount-->
    <record id="parameter_gross_amount_base_salary" model="hr.payroll.parameter">
        <field name="payitem_id" ref="payroll_calculate.payitem_base_salary" />
        <field name="name">基本工资</field>
        <field name="code">base_salary</field>
        <field name="value_type">float</field>
        <!--<field name="rule_id" ref="payroll_calculate.rule_gross_amount" />-->
    </record>

    <record id="parameter_gross_amount_position_salary" model="hr.payroll.parameter">
        <field name="payitem_id" ref="payroll_calculate.payitem_position_salary" />
        <field name="name">职位工资</field>
        <field name="code">position_salary</field>
        <field name="value_type">float</field>
        <!--<field name="rule_id" ref="payroll_calculate.rule_gross_amount" />-->
    </record>

    <record id="parameter_gross_amount_firm_leader_allowance" model="hr.payroll.parameter">
        <field name="payitem_id" ref="payroll_calculate.payitem_firm_leader_allowance" />
        <field name="name">事务所长补贴</field>
        <field name="code">firm_leader_allowance</field>
        <field name="value_type">float</field>
        <!--<field name="rule_id" ref="payroll_calculate.rule_gross_amount" />-->
    </record>

    <record id="parameter_gross_amount_group_leader_allowance" model="hr.payroll.parameter">
        <field name="payitem_id" ref="payroll_calculate.payitem_group_leader_allowance" />
        <field name="name">组长补贴</field>
        <field name="code">group_leader_allowance</field>
        <field name="value_type">float</field>
        <!--<field name="rule_id" ref="payroll_calculate.rule_gross_amount" />-->
    </record>

    <record id="parameter_gross_amount_field_worker_allowance" model="hr.payroll.parameter">
        <field name="payitem_id" ref="payroll_calculate.payitem_field_worker_allowance" />
        <field name="name">外勤补贴</field>
        <field name="code">field_worker_allowance</field>
        <field name="value_type">float</field>
        <!--<field name="rule_id" ref="payroll_calculate.rule_gross_amount" />-->
    </record>

    <record id="parameter_gross_amount_technique_allowance" model="hr.payroll.parameter">
        <field name="payitem_id" ref="payroll_calculate.payitem_technique_allowance" />
        <field name="name">技能补贴</field>
        <field name="code">technique_allowance</field>
        <field name="value_type">float</field>
        <!--<field name="rule_id" ref="payroll_calculate.rule_gross_amount" />-->
    </record>

    <record id="parameter_gross_amount_PA_allowance" model="hr.payroll.parameter">
        <field name="payitem_id" ref="payroll_calculate.payitem_PA_allowance" />
        <field name="name">PA专员津贴</field>
        <field name="code">PA_allowance</field>
        <field name="value_type">float</field>
        <!--<field name="rule_id" ref="payroll_calculate.rule_gross_amount" />-->
    </record>

    <record id="parameter_gross_amount_semi_conductor_online_conference_allowance" model="hr.payroll.parameter">
        <field name="payitem_id" ref="payroll_calculate.payitem_semi_conductor_online_conference_allowance" />
        <field name="name">半导体/网络会议系统技术津贴</field>
        <field name="code">semi_conductor_online_conference_allowance</field>
        <field name="value_type">float</field>
        <!--<field name="rule_id" ref="payroll_calculate.rule_gross_amount" />-->
    </record>

    <record id="parameter_gross_amount_performer_technique_allowance" model="hr.payroll.parameter">
        <field name="payitem_id" ref="payroll_calculate.payitem_performer_technique_allowance" />
        <field name="name">演奏员技能津贴</field>
        <field name="code">performer_technique_allowance</field>
        <field name="value_type">float</field>
        <!--<field name="rule_id" ref="payroll_calculate.rule_gross_amount" />-->
    </record>

    <record id="parameter_gross_amount_music_popularize_allowance" model="hr.payroll.parameter">
        <field name="payitem_id" ref="payroll_calculate.payitem_music_popularize_allowance" />
        <field name="name">音乐普及津贴</field>
        <field name="code">music_popularize_allowance</field>
        <field name="value_type">float</field>
        <!--<field name="rule_id" ref="payroll_calculate.rule_gross_amount" />-->
    </record>

    <record id="parameter_gross_amount_housing_allowance" model="hr.payroll.parameter">
        <field name="payitem_id" ref="payroll_calculate.payitem_housing_allowance" />
        <field name="name">房屋补贴</field>
        <field name="code">housing_allowance</field>
        <field name="value_type">float</field>
        <!--<field name="rule_id" ref="payroll_calculate.rule_gross_amount" />-->
    </record>

    <record id="parameter_gross_amount_salary_adjusted" model="hr.payroll.parameter">
        <field name="payitem_id" ref="payroll_calculate.payitem_salary_adjusted" />
        <field name="name">工资调整</field>
        <field name="code">salary_adjusted</field>
        <field name="value_type">float</field>
        <!--<field name="rule_id" ref="payroll_calculate.rule_gross_amount" />-->
    </record>

    <!--rule: labour_fee-->
    <record id="parameter_labour_fee_base_salary" model="hr.payroll.parameter">
        <field name="payitem_id" ref="payroll_calculate.payitem_base_salary" />
        <field name="name">基本工资</field>
        <field name="code">base_salary</field>
        <field name="value_type">float</field>
        <!--<field name="rule_id" ref="payroll_calculate.rule_labour_fee" />-->
    </record>

    <!--rule: overtime_fee-->

    <record id="parameter_overtime_fee_base_salary" model="hr.payroll.parameter">
        <field name="payitem_id" ref="payroll_calculate.payitem_base_salary" />
        <field name="name">基本工资</field>
        <field name="code">base_salary</field>
        <field name="value_type">float</field>
        <!--<field name="rule_id" ref="payroll_calculate.rule_overtime_fee" />-->
    </record>

    <record id="parameter_overtime_fee_overtime_A" model="hr.payroll.parameter">
        <field name="payitem_id" ref="payroll_calculate.payitem_overtime_A" />
        <field name="name">加班A</field>
        <field name="code">overtime_A</field>
        <field name="value_type">float</field>
        <!--<field name="rule_id" ref="payroll_calculate.rule_overtime_fee" />-->
    </record>

    <record id="parameter_overtime_fee_overtime_B" model="hr.payroll.parameter">
        <field name="payitem_id" ref="payroll_calculate.payitem_overtime_B" />
        <field name="name">加班B</field>
        <field name="code">overtime_A</field>
        <field name="value_type">float</field>
        <!--<field name="rule_id" ref="payroll_calculate.rule_overtime_fee" />-->
    </record>

    <record id="parameter_overtime_fee_overtime_C" model="hr.payroll.parameter">
        <field name="payitem_id" ref="payroll_calculate.payitem_overtime_C" />
        <field name="name">加班C</field>
        <field name="code">overtime_A</field>
        <field name="value_type">float</field>
        <!--<field name="rule_id" ref="payroll_calculate.rule_overtime_fee" />-->
    </record>

    <!--rule: salary_adjusted-->

    <record id="parameter_salary_adjusted_base_salary" model="hr.payroll.parameter">
        <field name="payitem_id" ref="payroll_calculate.payitem_base_salary" />
        <field name="name">基本工资</field>
        <field name="code">base_salary</field>
        <field name="value_type">float</field>
        <!--<field name="rule_id" ref="payroll_calculate.rule_salary_adjusted" />-->
    </record>

    <record id="parameter_salary_adjusted_all_allowance" model="hr.payroll.parameter">
        <field name="payitem_id" ref="payroll_calculate.payitem_all_allowance" />
        <field name="name">所有津贴</field>
        <field name="code">all_allowance</field>
        <field name="value_type">float</field>
        <!--<field name="rule_id" ref="payroll_calculate.rule_salary_adjusted" />-->
    </record>

    <record id="parameter_salary_adjusted_housing_allowance" model="hr.payroll.parameter">
        <field name="payitem_id" ref="payroll_calculate.payitem_housing_allowance" />
        <field name="name">房屋补贴</field>
        <field name="code">housing_allowance</field>
        <field name="value_type">float</field>
        <!--<field name="rule_id" ref="payroll_calculate.rule_salary_adjusted" />-->
    </record>

    <record id="parameter_salary_adjusted_absence_days" model="hr.payroll.parameter">
        <field name="payitem_id" ref="payroll_calculate.payitem_absence_days" />
        <field name="name">缺勤(天)</field>
        <field name="code">absence_days</field>
        <field name="value_type">float</field>
        <!--<field name="rule_id" ref="payroll_calculate.rule_salary_adjusted" />-->
    </record>

    <!--rule: sick_leave_deduction_factor-->
    <record id="parameter_sick_leave_deduction_factor_base_salary" model="hr.payroll.parameter">
        <field name="payitem_id" ref="payroll_calculate.payitem_base_salary" />
        <field name="name">基本工资</field>
        <field name="code">base_salary</field>
        <field name="value_type">float</field>
        <!--<field name="rule_id" ref="payroll_calculate.rule_sick_leave_deduction_factor" />-->
    </record>

    <!--rule: rule_taxable_salary-->
    <record id="parameter_taxable_salary_base_salary" model="hr.payroll.parameter">
        <field name="payitem_id" ref="payroll_calculate.payitem_base_salary" />
        <field name="name">基本工资</field>
        <field name="code">base_salary</field>
        <field name="value_type">float</field>
        <!--<field name="rule_id" ref="payroll_calculate.rule_taxable_salary" />-->
    </record>

    <record id="parameter_taxable_salary_base_salary" model="hr.payroll.parameter">
        <field name="payitem_id" ref="payroll_calculate.payitem_base_salary" />
        <field name="name">基本工资</field>
        <field name="code">base_salary</field>
        <field name="value_type">float</field>
        <!--<field name="rule_id" ref="payroll_calculate.rule_taxable_salary" />-->
    </record>

    <record id="parameter_taxable_salary_position_salary" model="hr.payroll.parameter">
        <field name="payitem_id" ref="payroll_calculate.payitem_position_salary" />
        <field name="name">职位工资</field>
        <field name="code">position_salary</field>
        <field name="value_type">float</field>
        <!--<field name="rule_id" ref="payroll_calculate.rule_taxable_salary" />-->
    </record>

    <record id="parameter_taxable_salary_firm_leader_allowance" model="hr.payroll.parameter">
        <field name="payitem_id" ref="payroll_calculate.payitem_firm_leader_allowance" />
        <field name="name">事务所长补贴</field>
        <field name="code">firm_leader_allowance</field>
        <field name="value_type">float</field>
        <!--<field name="rule_id" ref="payroll_calculate.rule_taxable_salary" />-->
    </record>

    <record id="parameter_taxable_salary_group_leader_allowance" model="hr.payroll.parameter">
        <field name="payitem_id" ref="payroll_calculate.payitem_group_leader_allowance" />
        <field name="name">组长补贴</field>
        <field name="code">group_leader_allowance</field>
        <field name="value_type">float</field>
        <!--<field name="rule_id" ref="payroll_calculate.rule_taxable_salary" />-->
    </record>

    <record id="parameter_taxable_salary_central_leader_allowance" model="hr.payroll.parameter">
        <field name="payitem_id" ref="payroll_calculate.payitem_central_leader_allowance" />
        <field name="name">中心长补贴</field>
        <field name="code">central_leader_allowance</field>
        <field name="value_type">float</field>
        <!--<field name="rule_id" ref="payroll_calculate.rule_taxable_salary" />-->
    </record>

    <record id="parameter_taxable_salary_field_worker_allowance" model="hr.payroll.parameter">
        <field name="payitem_id" ref="payroll_calculate.payitem_field_worker_allowance" />
        <field name="name">外勤补贴</field>
        <field name="code">field_worker_allowance</field>
        <field name="value_type">float</field>
        <!--<field name="rule_id" ref="payroll_calculate.rule_taxable_salary" />-->
    </record>

    <record id="parameter_taxable_salary_technique_allowance" model="hr.payroll.parameter">
        <field name="payitem_id" ref="payroll_calculate.payitem_technique_allowance" />
        <field name="name">技能补贴</field>
        <field name="code">technique_allowance</field>
        <field name="value_type">float</field>
        <!--<field name="rule_id" ref="payroll_calculate.rule_taxable_salary" />-->
    </record>

    <record id="parameter_taxable_salary_PA_allowance" model="hr.payroll.parameter">
        <field name="payitem_id" ref="payroll_calculate.payitem_PA_allowance" />
        <field name="name">PA专员津贴</field>
        <field name="code">PA_allowance</field>
        <field name="value_type">float</field>
        <!--<field name="rule_id" ref="payroll_calculate.rule_taxable_salary" />-->
    </record>

    <record id="parameter_taxable_salary_semi_conductor_online_conference_allowance" model="hr.payroll.parameter">
        <field name="payitem_id" ref="payroll_calculate.payitem_semi_conductor_online_conference_allowance" />
        <field name="name">半导体/网络会议系统技术津贴</field>
        <field name="code">semi_conductor_online_conference_allowance</field>
        <field name="value_type">float</field>
        <!--<field name="rule_id" ref="payroll_calculate.rule_taxable_salary" />-->
    </record>

    <record id="parameter_taxable_salary_performer_technique_allowance" model="hr.payroll.parameter">
        <field name="payitem_id" ref="payroll_calculate.payitem_performer_technique_allowance" />
        <field name="name">演奏员技能津贴</field>
        <field name="code">performer_technique_allowance</field>
        <field name="value_type">float</field>
        <!--<field name="rule_id" ref="payroll_calculate.rule_taxable_salary" />-->
    </record>

    <record id="parameter_taxable_salary_music_popularize_allowance" model="hr.payroll.parameter">
        <field name="payitem_id" ref="payroll_calculate.payitem_music_popularize_allowance" />
        <field name="name">音乐普及津贴</field>
        <field name="code">music_popularize_allowance</field>
        <field name="value_type">float</field>
        <!--<field name="rule_id" ref="payroll_calculate.rule_taxable_salary" />-->
    </record>

    <record id="parameter_taxable_salary_housing_allowance" model="hr.payroll.parameter">
        <field name="payitem_id" ref="payroll_calculate.payitem_housing_allowance" />
        <field name="name">房屋补贴</field>
        <field name="code">housing_allowance</field>
        <field name="value_type">float</field>
        <!--<field name="rule_id" ref="payroll_calculate.rule_taxable_salary" />-->
    </record>

    <record id="parameter_taxable_salary_salary_adjusted" model="hr.payroll.parameter">
        <field name="payitem_id" ref="payroll_calculate.payitem_salary_adjusted" />
        <field name="name">工资调整</field>
        <field name="code">salary_adjusted</field>
        <field name="value_type">float</field>
        <!--<field name="rule_id" ref="payroll_calculate.rule_taxable_salary" />-->
    </record>

    <record id="parameter_taxable_salary_transport_allowance" model="hr.payroll.parameter">
        <field name="payitem_id" ref="payroll_calculate.payitem_transport_allowance" />
        <field name="name">交通补贴</field>
        <field name="code">transport_allowance</field>
        <field name="value_type">float</field>
        <!--<field name="rule_id" ref="payroll_calculate.rule_taxable_salary" />-->
    </record>

    <record id="parameter_taxable_salary_meal_allowance" model="hr.payroll.parameter">
        <field name="payitem_id" ref="payroll_calculate.payitem_meal_allowance" />
        <field name="name">饭贴</field>
        <field name="code">meal_allowance</field>
        <field name="value_type">float</field>
        <!--<field name="rule_id" ref="payroll_calculate.rule_taxable_salary" />-->
    </record>

    <record id="parameter_taxable_salary_overtime_fee" model="hr.payroll.parameter">
        <field name="payitem_id" ref="payroll_calculate.payitem_overtime_fee" />
        <field name="name">加班费</field>
        <field name="code">overtime_fee</field>
        <field name="value_type">float</field>
        <!--<field name="rule_id" ref="payroll_calculate.rule_taxable_salary" />-->
    </record>

    <record id="parameter_taxable_salary_attendance_deduction" model="hr.payroll.parameter">
        <field name="payitem_id" ref="payroll_calculate.payitem_attendance_deduction" />
        <field name="name">考勤扣除</field>
        <field name="code">attendance_deduction</field>
        <field name="value_type">float</field>
        <!--<field name="rule_id" ref="payroll_calculate.rule_taxable_salary" />-->
    </record>

    <record id="parameter_taxable_salary_normal_bonus" model="hr.payroll.parameter">
        <field name="payitem_id" ref="payroll_calculate.payitem_normal_bonus" />
        <field name="name">奖金</field>
        <field name="code">normal_bonus</field>
        <field name="value_type">float</field>
        <!--<field name="rule_id" ref="payroll_calculate.rule_taxable_salary" />-->
    </record>

    <record id="parameter_taxable_salary_supplement_salary" model="hr.payroll.parameter">
        <field name="payitem_id" ref="payroll_calculate.payitem_supplement_salary" />
        <field name="name">工资补差</field>
        <field name="code">supplement_salary</field>
        <field name="value_type">float</field>
        <!--<field name="rule_id" ref="payroll_calculate.rule_taxable_salary" />-->
    </record>

      <record id="parameter_taxable_salary_gross_personal_insurance" model="hr.payroll.parameter">
        <field name="payitem_id" ref="payroll_calculate.payitem_gross_personal_insurance" />
        <field name="name">个人四金合计</field>
        <field name="code">gross_personal_insurance</field>
        <field name="value_type">float</field>
        <!--<field name="rule_id" ref="payroll_calculate.rule_taxable_salary" />-->
    </record>

      <record id="parameter_taxable_salary_supplement_insurance" model="hr.payroll.parameter">
        <field name="payitem_id" ref="payroll_calculate.payitem_supplement_insurance" />
        <field name="name">补交保险</field>
        <field name="code">supplement_insurance</field>
        <field name="value_type">float</field>
        <!--<field name="rule_id" ref="payroll_calculate.rule_taxable_salary" />-->
    </record>

      <record id="parameter_taxable_salary_other_deductions" model="hr.payroll.parameter">
        <field name="payitem_id" ref="payroll_calculate.payitem_other_deductions" />
        <field name="name">其它扣款</field>
        <field name="code">other_deductions</field>
        <field name="value_type">float</field>
        <!--<field name="rule_id" ref="payroll_calculate.rule_taxable_salary" />-->
    </record>

    <!--rule: net_salary-->

    <record id="parameter_net_salary_taxable_salary" model="hr.payroll.parameter">
        <field name="payitem_id" ref="payroll_calculate.payitem_taxable_salary" />
        <field name="name">计税工资</field>
        <field name="code">taxable_salary</field>
        <field name="value_type">float</field>
        <!--<field name="rule_id" ref="payroll_calculate.rule_net_salary" />-->
    </record>

    <record id="parameter_net_salary_income_tax" model="hr.payroll.parameter">
        <field name="payitem_id" ref="payroll_calculate.payitem_income_tax" />
        <field name="name">个人所得税</field>
        <field name="code">income_tax</field>
        <field name="value_type">float</field>
        <!--<field name="rule_id" ref="payroll_calculate.rule_net_salary" />-->
    </record>

    <record id="parameter_net_salary_labour_fee" model="hr.payroll.parameter">
        <field name="payitem_id" ref="payroll_calculate.payitem_labour_fee" />
        <field name="name">工会会费</field>
        <field name="code">labour_fee</field>
        <field name="value_type">float</field>
        <!--<field name="rule_id" ref="payroll_calculate.rule_net_salary" />-->
    </record>

    <record id="parameter_net_salary_annual_bonus" model="hr.payroll.parameter">
        <field name="payitem_id" ref="payroll_calculate.payitem_annual_bonus" />
        <field name="name">年终奖</field>
        <field name="code">annual_bonus</field>
        <field name="value_type">float</field>
        <!--<field name="rule_id" ref="payroll_calculate.rule_net_salary" />-->
    </record>

    <record id="parameter_net_salary_annual_bonus_tax" model="hr.payroll.parameter">
        <field name="payitem_id" ref="payroll_calculate.payitem_annual_bonus_tax" />
        <field name="name">年终奖税</field>
        <field name="code">annual_bonus_tax</field>
        <field name="value_type">float</field>
        <!--<field name="rule_id" ref="payroll_calculate.rule_net_salary" />-->
    </record>

    <record id="parameter_net_salary_one_child_fee" model="hr.payroll.parameter">
        <field name="payitem_id" ref="payroll_calculate.payitem_one_child_fee" />
        <field name="name">独生子女费</field>
        <field name="code">one_child_fee</field>
        <field name="value_type">float</field>
        <!--<field name="rule_id" ref="payroll_calculate.rule_net_salary" />-->
    </record>

    <record id="parameter_net_salary_after_tax_adjustment" model="hr.payroll.parameter">
        <field name="payitem_id" ref="payroll_calculate.payitem_after_tax_adjustment" />
        <field name="name">税后调整</field>
        <field name="code">after_tax_adjustment</field>
        <field name="value_type">float</field>
        <!--<field name="rule_id" ref="payroll_calculate.rule_net_salary" />-->
    </record>

    <!--rule: causal_leave_deduction-->

    <record id="parameter_casual_leave_deduction_absence_days" model="hr.payroll.parameter">
        <field name="payitem_id" ref="payroll_calculate.payitem_absence_days" />
        <field name="name">缺勤(天)</field>
        <field name="code">absence_days</field>
        <field name="value_type">float</field>
        <!--<field name="rule_id" ref="payroll_calculate.rule_casual_leave_deduction" />-->
    </record>

    <record id="parameter_casual_leave_deduction_base_salary" model="hr.payroll.parameter">
        <field name="payitem_id" ref="payroll_calculate.payitem_base_salary" />
        <field name="name">基本工资</field>
        <field name="code">base_salary</field>
        <field name="value_type">float</field>
        <!--<field name="rule_id" ref="payroll_calculate.rule_casual_leave_deduction" />-->
    </record>

    <!--rule: deducted_expense-->

    <record id="parameter_deducted_expense" model="hr.payroll.parameter">
        <field name="payitem_id" ref="payroll_calculate.payitem_deducted_expense" />
        <field name="name">减除费用</field>
        <field name="code">deducted_expense</field>
        <field name="value_type">float</field>
        <!--<field name="rule_id" ref="payroll_calculate.rule_deducted_expense" />-->
    </record>

    <!--rule: income_tax_domestic-->

    <record id="parameter_income_tax_domestic" model="hr.payroll.parameter">
        <field name="function_id" ref="payroll_calculate.function_income_tax_domestic" />
        <field name="name">个人所得税</field>
        <field name="code">func_income_tax_domestic</field>
        <field name="value_type">char</field>
        <!--<field name="rule_id" ref="payroll_calculate.rule_income_tax_domestic" />-->
      </record>


    <record id="parameter_income_tax_domestic_taxable_salary" model="hr.payroll.parameter">
        <field name="payitem_id" ref="payroll_calculate.payitem_taxable_salary" />
        <field name="name">计税工资</field>
        <field name="code">taxable_salary</field>
        <field name="value_type">float</field>
        <!--<field name="rule_id" ref="payroll_calculate.rule_income_tax_domestic" />-->
    </record>

      <!--rule: income_tax_foreign-->

    <record id="parameter_income_tax_foreign" model="hr.payroll.parameter">
        <field name="function_id" ref="payroll_calculate.function_income_tax_foreign" />
        <field name="name">个人所得税</field>
        <field name="code">func_income_tax_domestic</field>
        <field name="value_type">char</field>
        <!--<field name="rule_id" ref="payroll_calculate.rule_income_tax_foreign" />-->
      </record>


    <record id="parameter_income_tax_foreign_taxable_salary" model="hr.payroll.parameter">
        <field name="payitem_id" ref="payroll_calculate.payitem_taxable_salary" />
        <field name="name">计税工资</field>
        <field name="code">taxable_salary</field>
        <field name="value_type">float</field>
        <!--<field name="rule_id" ref="payroll_calculate.rule_income_tax_foreign" />-->
    </record>

      <!--rule: annual_bonus_tax_domestic-->
    <record id="parameter_annual_bonus_tax_domestic_annual_bonus" model="hr.payroll.parameter">
        <field name="payitem_id" ref="payroll_calculate.payitem_annual_bonus" />
        <field name="name">年终奖</field>
        <field name="code">annual_bonus</field>
        <field name="value_type">float</field>
        <!--<field name="rule_id" ref="payroll_calculate.rule_annual_bonus_tax_domestic" />-->
    </record>

      <record id="parameter_annual_bonus_tax_domestic_taxable_salary" model="hr.payroll.parameter">
        <field name="payitem_id" ref="payroll_calculate.payitem_taxable_salary" />
        <field name="name">当月工资薪金所得</field>
        <field name="code">taxable_salary</field>
        <field name="value_type">float</field>
        <!--<field name="rule_id" ref="payroll_calculate.rule_annual_bonus_tax_domestic" />-->
    </record>

      <!--rule: annual_bonus_tax_foreign-->
    <record id="parameter_annual_bonus_tax_foreign_annual_bonus" model="hr.payroll.parameter">
        <field name="payitem_id" ref="payroll_calculate.payitem_annual_bonus" />
        <field name="name">年终奖</field>
        <field name="code">annual_bonus</field>
        <field name="value_type">float</field>
        <!--<field name="rule_id" ref="payroll_calculate.rule_annual_bonus_tax_foreign" />-->
    </record>

      <record id="parameter_annual_bonus_tax_foreign_taxable_salary" model="hr.payroll.parameter">
        <field name="payitem_id" ref="payroll_calculate.payitem_taxable_salary" />
        <field name="name">当月工资薪金所得</field>
        <field name="code">taxable_salary</field>
        <field name="value_type">float</field>
        <!--<field name="rule_id" ref="payroll_calculate.rule_annual_bonus_tax_foreign" />-->
    </record>

      <!--rule: labor_income_tax-->
      <record id="parameter_labor_income_tax_labor_income" model="hr.payroll.parameter">
        <field name="payitem_id" ref="payroll_calculate.payitem_labor_income" />
        <field name="name">劳动报酬</field>
        <field name="code">labor_income</field>
        <field name="value_type">float</field>
        <!--<field name="rule_id" ref="payroll_calculate.rule_labor_income_tax" />-->
    </record>

      <!--rule: rule_dimission_compensation-->

      <record id="parameter_dimission_compensation_base_salary" model="hr.payroll.parameter">
        <field name="payitem_id" ref="payroll_calculate.payitem_base_salary" />
        <field name="name">基本工资</field>
        <field name="code">base_salary</field>
        <field name="value_type">float</field>
        <!--<field name="rule_id" ref="payroll_calculate.rule_dimission_compensation" />-->
    </record>

      <record id="parameter_dimission_compensation_in_service_time" model="hr.payroll.parameter">
        <field name="payitem_id" ref="payroll_calculate.payitem_in_service_time" />
        <field name="name">累计工龄</field>
        <field name="code">in_service_time</field>
        <field name="value_type">float</field>
        <!--<field name="rule_id" ref="payroll_calculate.rule_dimission_compensation" />-->
    </record>


  </data>
</openerp>